{
  "project_info": {
    "project_number": "23391051955",
    "firebase_url": "https://cloudanchorstuff.firebaseio.com",
    "project_id": "cloudanchorstuff",
    "storage_bucket": "cloudanchorstuff.appspot.com"
  },
  "client": [
    {
      "client_info": {
        "mobilesdk_app_id": "1:23391051955:android:0987409163bd40211c90c6",
        "android_client_info": {
          "package_name": "com.google.ar.core.examples.java.cloudanchor"
        }
      },
      "oauth_client": [
        {
          "client_id": "23391051955-ssa03h223plp3egp2g3paeceu1dpqeku.apps.googleusercontent.com",
          "client_type": 3
        }
      ],
      "api_key": [
        {
          "current_key": "AIzaSyDQmq1ToOIbF1IPvEqucXFLMdVIuUHOhbc"
        }
      ],
      "services": {
        "appinvite_service": {
          "other_platform_oauth_client": [
            {
              "client_id": "23391051955-ssa03h223plp3egp2g3paeceu1dpqeku.apps.googleusercontent.com",
              "client_type": 3
            }
          ]
        }
      }
    }
  ],
  "configuration_version": "1"
}